sequence_number,rtt_ms,bytes_received,status
0,31.368,28,SUCCESS
1,55.045,1400,SUCCESS
2,33.388,28,SUCCESS
3,31.981,1400,SUCCESS
4,31.588,28,SUCCESS
5,,0,LOST
6,32.121,28,SUCCESS
7,32.401,1400,SUCCESS
8,31.407,28,SUCCESS
9,33.805,1400,SUCCESS
10,29.740,28,SUCCESS
11,30.629,1400,SUCCESS
12,31.313,28,SUCCESS
13,32.275,1400,SUCCESS
14,31.926,28,SUCCESS
15,33.273,1400,SUCCESS
16,33.205,28,SUCCESS
17,32.736,1400,SUCCESS
18,32.661,28,SUCCESS
19,32.009,1400,SUCCESS
20,32.150,28,SUCCESS
21,33.270,1400,SUCCESS
22,32.265,28,SUCCESS
23,32.282,1400,SUCCESS
24,32.272,28,SUCCESS
25,33.344,1400,SUCCESS
26,31.077,28,SUCCESS
27,33.030,1400,SUCCESS
28,33.372,28,SUCCESS
29,,0,LOST
30,,0,LOST
31,31.837,1400,SUCCESS
32,,0,LOST
33,32.741,1400,SUCCESS
34,30.861,28,SUCCESS
35,31.657,1400,SUCCESS
36,,0,LOST
37,,0,LOST
38,34.089,28,SUCCESS
39,32.884,1400,SUCCESS
40,32.685,28,SUCCESS
41,30.536,1400,SUCCESS
42,31.170,28,SUCCESS
43,33.257,1400,SUCCESS
44,31.748,28,SUCCESS
45,50.863,1400,SUCCESS
46,32.573,28,SUCCESS
47,39.284,1400,SUCCESS
48,32.889,28,SUCCESS
49,,0,LOST
50,33.402,28,SUCCESS
51,33.282,1400,SUCCESS
52,30.158,28,SUCCESS
53,31.713,1400,SUCCESS
54,32.626,28,SUCCESS
55,32.073,1400,SUCCESS
56,30.196,28,SUCCESS
57,32.201,1400,SUCCESS
58,,0,LOST
59,33.120,1400,SUCCESS
60,32.871,28,SUCCESS
61,44.753,1400,SUCCESS
62,31.633,28,SUCCESS
63,32.609,1400,SUCCESS
64,30.058,28,SUCCESS
65,34.630,1400,SUCCESS
66,32.098,28,SUCCESS
67,50.341,1400,SUCCESS
68,32.359,28,SUCCESS
69,33.516,1400,SUCCESS
70,31.498,28,SUCCESS
71,30.396,1400,SUCCESS
72,51.505,28,SUCCESS
73,31.915,1400,SUCCESS
74,32.763,28,SUCCESS
75,32.993,1400,SUCCESS
76,31.768,28,SUCCESS
77,32.708,1400,SUCCESS
78,32.554,28,SUCCESS
79,32.831,1400,SUCCESS
80,33.656,28,SUCCESS
81,,0,LOST
82,32.129,28,SUCCESS
83,32.232,1400,SUCCESS
84,32.645,28,SUCCESS
85,33.902,1400,SUCCESS
86,32.685,28,SUCCESS
87,62.162,1400,SUCCESS
88,32.113,28,SUCCESS
89,32.562,1400,SUCCESS
90,32.294,28,SUCCESS
91,32.016,1400,SUCCESS
92,32.820,28,SUCCESS
93,,0,LOST
94,32.542,28,SUCCESS
95,33.584,1400,SUCCESS
96,30.990,28,SUCCESS
97,31.976,1400,SUCCESS
98,32.134,28,SUCCESS
99,51.169,1400,SUCCESS
100,32.613,28,SUCCESS
101,31.909,1400,SUCCESS
102,33.491,28,SUCCESS
103,33.016,1400,SUCCESS
104,31.131,28,SUCCESS
105,32.850,1400,SUCCESS
106,31.169,28,SUCCESS
107,33.968,1400,SUCCESS
108,32.863,28,SUCCESS
109,31.999,1400,SUCCESS
110,,0,LOST
111,32.238,1400,SUCCESS
112,62.474,28,SUCCESS
113,32.080,1400,SUCCESS
114,32.536,28,SUCCESS
115,31.968,1400,SUCCESS
116,30.905,28,SUCCESS
117,32.083,1400,SUCCESS
118,32.461,28,SUCCESS
119,44.688,1400,SUCCESS
120,52.026,28,SUCCESS
121,33.030,1400,SUCCESS
122,31.594,28,SUCCESS
123,32.581,1400,SUCCESS
124,31.696,28,SUCCESS
125,33.030,1400,SUCCESS
126,33.019,28,SUCCESS
127,31.922,1400,SUCCESS
128,32.412,28,SUCCESS
129,31.890,1400,SUCCESS
130,32.274,28,SUCCESS
131,34.037,1400,SUCCESS
132,31.340,28,SUCCESS
133,33.316,1400,SUCCESS
134,31.931,28,SUCCESS
135,32.311,1400,SUCCESS
136,32.918,28,SUCCESS
137,31.755,1400,SUCCESS
138,31.958,28,SUCCESS
139,32.778,1400,SUCCESS
140,,0,LOST
141,31.752,1400,SUCCESS
142,32.822,28,SUCCESS
143,33.232,1400,SUCCESS
144,31.591,28,SUCCESS
145,33.868,1400,SUCCESS
146,30.502,28,SUCCESS
147,33.171,1400,SUCCESS
148,32.991,28,SUCCESS
149,34.116,1400,SUCCESS
150,30.839,28,SUCCESS
151,33.121,1400,SUCCESS
152,,0,LOST
153,31.941,1400,SUCCESS
154,32.565,28,SUCCESS
155,,0,LOST
156,32.651,28,SUCCESS
157,31.456,1400,SUCCESS
158,32.370,28,SUCCESS
159,31.096,1400,SUCCESS
160,33.374,28,SUCCESS
161,62.959,1400,SUCCESS
162,32.758,28,SUCCESS
163,33.294,1400,SUCCESS
164,32.147,28,SUCCESS
165,31.676,1400,SUCCESS
166,33.289,28,SUCCESS
167,32.455,1400,SUCCESS
168,30.813,28,SUCCESS
169,31.421,1400,SUCCESS
170,32.487,28,SUCCESS
171,33.100,1400,SUCCESS
172,31.248,28,SUCCESS
173,31.569,1400,SUCCESS
174,34.136,28,SUCCESS
175,30.936,1400,SUCCESS
176,31.459,28,SUCCESS
177,34.198,1400,SUCCESS
178,31.953,28,SUCCESS
179,48.099,1400,SUCCESS
180,30.777,28,SUCCESS
181,33.553,1400,SUCCESS
182,32.271,28,SUCCESS
183,33.110,1400,SUCCESS
184,32.900,28,SUCCESS
185,33.239,1400,SUCCESS
186,32.585,28,SUCCESS
187,31.503,1400,SUCCESS
188,30.464,28,SUCCESS
189,32.495,1400,SUCCESS
190,,0,LOST
191,33.682,1400,SUCCESS
192,29.644,28,SUCCESS
193,31.596,1400,SUCCESS
194,,0,LOST
195,32.879,1400,SUCCESS
196,33.128,28,SUCCESS
197,33.173,1400,SUCCESS
198,34.284,28,SUCCESS
199,31.918,1400,SUCCESS
200,43.182,28,SUCCESS
201,31.533,1400,SUCCESS
202,30.597,28,SUCCESS
203,47.289,1400,SUCCESS
204,32.373,28,SUCCESS
205,33.398,1400,SUCCESS
206,31.377,28,SUCCESS
207,33.099,1400,SUCCESS
208,30.971,28,SUCCESS
209,,0,LOST
210,32.406,28,SUCCESS
211,33.388,1400,SUCCESS
212,31.198,28,SUCCESS
213,,0,LOST
214,31.731,28,SUCCESS
215,31.874,1400,SUCCESS
216,33.377,28,SUCCESS
217,34.478,1400,SUCCESS
218,31.934,28,SUCCESS
219,32.289,1400,SUCCESS
220,32.385,28,SUCCESS
221,32.309,1400,SUCCESS
222,30.679,28,SUCCESS
223,33.437,1400,SUCCESS
224,33.219,28,SUCCESS
225,38.799,1400,SUCCESS
226,32.905,28,SUCCESS
227,32.157,1400,SUCCESS
228,32.129,28,SUCCESS
229,32.335,1400,SUCCESS
230,31.169,28,SUCCESS
231,31.975,1400,SUCCESS
232,32.328,28,SUCCESS
233,32.082,1400,SUCCESS
234,32.457,28,SUCCESS
235,30.883,1400,SUCCESS
236,31.078,28,SUCCESS
237,33.345,1400,SUCCESS
238,31.560,28,SUCCESS
239,33.092,1400,SUCCESS
240,31.759,28,SUCCESS
241,33.600,1400,SUCCESS
242,31.291,28,SUCCESS
243,47.938,1400,SUCCESS
244,32.448,28,SUCCESS
245,32.122,1400,SUCCESS
246,30.705,28,SUCCESS
247,63.128,1400,SUCCESS
248,31.249,28,SUCCESS
249,,0,LOST
250,29.703,28,SUCCESS
251,54.906,1400,SUCCESS
252,32.413,28,SUCCESS
253,32.765,1400,SUCCESS
254,,0,LOST
255,33.119,1400,SUCCESS
256,,0,LOST
257,31.949,1400,SUCCESS
258,32.773,28,SUCCESS
259,33.055,1400,SUCCESS
260,35.138,28,SUCCESS
261,62.522,1400,SUCCESS
262,32.809,28,SUCCESS
263,30.580,1400,SUCCESS
264,31.244,28,SUCCESS
265,32.117,1400,SUCCESS
266,32.259,28,SUCCESS
267,32.778,1400,SUCCESS
268,32.927,28,SUCCESS
269,33.614,1400,SUCCESS
270,33.664,28,SUCCESS
271,33.073,1400,SUCCESS
272,31.227,28,SUCCESS
273,33.452,1400,SUCCESS
274,30.944,28,SUCCESS
275,31.282,1400,SUCCESS
276,31.400,28,SUCCESS
277,34.060,1400,SUCCESS
278,31.204,28,SUCCESS
279,33.200,1400,SUCCESS
280,,0,LOST
281,32.111,1400,SUCCESS
282,,0,LOST
283,,0,LOST
284,31.949,28,SUCCESS
285,32.032,1400,SUCCESS
286,31.505,28,SUCCESS
287,31.958,1400,SUCCESS
288,33.155,28,SUCCESS
289,32.071,1400,SUCCESS
290,,0,LOST
291,33.929,1400,SUCCESS
292,31.639,28,SUCCESS
293,33.680,1400,SUCCESS
294,31.902,28,SUCCESS
295,32.840,1400,SUCCESS
296,31.269,28,SUCCESS
297,31.855,1400,SUCCESS
298,30.837,28,SUCCESS
299,33.201,1400,SUCCESS
300,32.967,28,SUCCESS
301,34.316,1400,SUCCESS
302,,0,LOST
303,,0,LOST
304,31.912,28,SUCCESS
305,31.603,1400,SUCCESS
306,32.937,28,SUCCESS
307,31.379,1400,SUCCESS
308,31.416,28,SUCCESS
309,31.499,1400,SUCCESS
310,31.178,28,SUCCESS
311,,0,LOST
312,32.179,28,SUCCESS
313,,0,LOST
314,32.553,28,SUCCESS
315,32.659,1400,SUCCESS
316,30.906,28,SUCCESS
317,47.869,1400,SUCCESS
318,31.990,28,SUCCESS
319,33.115,1400,SUCCESS
320,31.216,28,SUCCESS
321,31.668,1400,SUCCESS
322,32.549,28,SUCCESS
323,34.795,1400,SUCCESS
324,32.272,28,SUCCESS
325,61.929,1400,SUCCESS
326,32.415,28,SUCCESS
327,34.128,1400,SUCCESS
328,32.073,28,SUCCESS
329,30.954,1400,SUCCESS
330,30.815,28,SUCCESS
331,33.134,1400,SUCCESS
332,31.050,28,SUCCESS
333,33.148,1400,SUCCESS
334,31.656,28,SUCCESS
335,33.221,1400,SUCCESS
336,32.737,28,SUCCESS
337,31.576,1400,SUCCESS
338,29.957,28,SUCCESS
339,32.186,1400,SUCCESS
340,31.073,28,SUCCESS
341,33.468,1400,SUCCESS
342,31.478,28,SUCCESS
343,31.535,1400,SUCCESS
344,,0,LOST
345,31.947,1400,SUCCESS
346,,0,LOST
347,31.634,1400,SUCCESS
348,31.985,28,SUCCESS
349,32.742,1400,SUCCESS
350,33.566,28,SUCCESS
351,32.123,1400,SUCCESS
352,30.991,28,SUCCESS
353,32.355,1400,SUCCESS
354,31.868,28,SUCCESS
355,34.085,1400,SUCCESS
356,31.617,28,SUCCESS
357,32.046,1400,SUCCESS
358,34.153,28,SUCCESS
359,32.905,1400,SUCCESS
360,31.063,28,SUCCESS
361,,0,LOST
362,30.805,28,SUCCESS
363,31.684,1400,SUCCESS
364,30.959,28,SUCCESS
365,33.057,1400,SUCCESS
366,31.345,28,SUCCESS
367,32.043,1400,SUCCESS
368,32.100,28,SUCCESS
369,32.633,1400,SUCCESS
370,32.487,28,SUCCESS
371,33.400,1400,SUCCESS
372,32.313,28,SUCCESS
373,34.323,1400,SUCCESS
374,43.209,28,SUCCESS
375,31.861,1400,SUCCESS
376,31.257,28,SUCCESS
377,,0,LOST
378,33.093,28,SUCCESS
379,,0,LOST
380,32.528,28,SUCCESS
381,33.465,1400,SUCCESS
382,31.337,28,SUCCESS
383,31.758,1400,SUCCESS
384,32.194,28,SUCCESS
385,31.842,1400,SUCCESS
386,30.436,28,SUCCESS
387,32.312,1400,SUCCESS
388,31.364,28,SUCCESS
389,32.548,1400,SUCCESS
390,32.422,28,SUCCESS
391,33.629,1400,SUCCESS
392,31.120,28,SUCCESS
393,31.371,1400,SUCCESS
394,31.312,28,SUCCESS
395,31.378,1400,SUCCESS
396,31.657,28,SUCCESS
397,32.817,1400,SUCCESS
398,32.231,28,SUCCESS
399,,0,LOST
400,32.201,28,SUCCESS
401,34.171,1400,SUCCESS
402,62.070,28,SUCCESS
403,31.836,1400,SUCCESS
404,,0,LOST
405,32.513,1400,SUCCESS
406,32.487,28,SUCCESS
407,,0,LOST
408,32.122,28,SUCCESS
409,33.314,1400,SUCCESS
410,32.371,28,SUCCESS
411,,0,LOST
412,,0,LOST
413,31.968,1400,SUCCESS
414,30.564,28,SUCCESS
415,,0,LOST
416,32.582,28,SUCCESS
417,32.559,1400,SUCCESS
418,31.189,28,SUCCESS
419,31.743,1400,SUCCESS
420,32.708,28,SUCCESS
421,33.820,1400,SUCCESS
422,33.125,28,SUCCESS
423,33.306,1400,SUCCESS
424,33.057,28,SUCCESS
425,33.170,1400,SUCCESS
426,32.841,28,SUCCESS
427,33.512,1400,SUCCESS
428,31.484,28,SUCCESS
429,31.903,1400,SUCCESS
430,33.218,28,SUCCESS
431,33.620,1400,SUCCESS
432,32.751,28,SUCCESS
433,31.581,1400,SUCCESS
434,,0,LOST
435,32.878,1400,SUCCESS
436,,0,LOST
437,31.949,1400,SUCCESS
438,32.072,28,SUCCESS
439,31.773,1400,SUCCESS
440,,0,LOST
441,43.765,1400,SUCCESS
442,31.288,28,SUCCESS
443,31.056,1400,SUCCESS
444,31.677,28,SUCCESS
445,,0,LOST
446,31.618,28,SUCCESS
447,32.059,1400,SUCCESS
448,31.299,28,SUCCESS
449,31.989,1400,SUCCESS
450,32.601,28,SUCCESS
451,33.615,1400,SUCCESS
452,32.163,28,SUCCESS
453,32.471,1400,SUCCESS
454,31.138,28,SUCCESS
455,32.623,1400,SUCCESS
456,,0,LOST
457,33.144,1400,SUCCESS
458,,0,LOST
459,31.708,1400,SUCCESS
460,31.827,28,SUCCESS
461,,0,LOST
462,30.960,28,SUCCESS
463,32.301,1400,SUCCESS
464,32.083,28,SUCCESS
465,52.826,1400,SUCCESS
466,,0,LOST
467,,0,LOST
468,31.227,28,SUCCESS
469,33.212,1400,SUCCESS
470,31.943,28,SUCCESS
471,31.833,1400,SUCCESS
472,32.512,28,SUCCESS
473,31.639,1400,SUCCESS
474,31.164,28,SUCCESS
475,31.969,1400,SUCCESS
476,31.978,28,SUCCESS
477,33.210,1400,SUCCESS
478,30.964,28,SUCCESS
479,32.676,1400,SUCCESS
480,31.908,28,SUCCESS
481,32.502,1400,SUCCESS
482,32.994,28,SUCCESS
483,33.289,1400,SUCCESS
484,30.961,28,SUCCESS
485,34.198,1400,SUCCESS
486,,0,LOST
487,,0,LOST
488,,0,LOST
489,33.862,1400,SUCCESS
490,31.699,28,SUCCESS
491,32.067,1400,SUCCESS
492,31.826,28,SUCCESS
493,31.718,1400,SUCCESS
494,31.445,28,SUCCESS
495,33.328,1400,SUCCESS
496,31.214,28,SUCCESS
497,33.519,1400,SUCCESS
498,31.886,28,SUCCESS
499,,0,LOST
500,31.126,28,SUCCESS
501,33.000,1400,SUCCESS
502,30.577,28,SUCCESS
503,62.460,1400,SUCCESS
504,31.468,28,SUCCESS
505,34.099,1400,SUCCESS
506,31.626,28,SUCCESS
507,62.548,1400,SUCCESS
508,31.486,28,SUCCESS
509,32.571,1400,SUCCESS
510,32.758,28,SUCCESS
511,33.195,1400,SUCCESS
512,32.385,28,SUCCESS
513,32.338,1400,SUCCESS
514,30.861,28,SUCCESS
515,33.169,1400,SUCCESS
516,31.092,28,SUCCESS
517,33.143,1400,SUCCESS
518,53.188,28,SUCCESS
519,32.127,1400,SUCCESS
520,,0,LOST
521,31.682,1400,SUCCESS
522,31.087,28,SUCCESS
523,,0,LOST
524,31.911,28,SUCCESS
525,35.887,1400,SUCCESS
526,32.752,28,SUCCESS
527,33.139,1400,SUCCESS
528,33.548,28,SUCCESS
529,32.064,1400,SUCCESS
530,,0,LOST
531,32.103,1400,SUCCESS
532,32.693,28,SUCCESS
533,,0,LOST
534,31.186,28,SUCCESS
535,33.691,1400,SUCCESS
536,41.705,28,SUCCESS
537,33.255,1400,SUCCESS
538,,0,LOST
539,31.892,1400,SUCCESS
540,31.202,28,SUCCESS
541,32.370,1400,SUCCESS
542,32.365,28,SUCCESS
543,32.158,1400,SUCCESS
544,32.434,28,SUCCESS
545,33.953,1400,SUCCESS
546,31.862,28,SUCCESS
547,33.692,1400,SUCCESS
548,34.513,28,SUCCESS
549,31.981,1400,SUCCESS
550,,0,LOST
551,30.822,1400,SUCCESS
552,31.302,28,SUCCESS
553,33.348,1400,SUCCESS
554,32.822,28,SUCCESS
555,32.612,1400,SUCCESS
556,32.836,28,SUCCESS
557,30.878,1400,SUCCESS
558,32.475,28,SUCCESS
559,33.195,1400,SUCCESS
560,31.346,28,SUCCESS
561,32.699,1400,SUCCESS
562,33.098,28,SUCCESS
563,32.336,1400,SUCCESS
564,33.445,28,SUCCESS
565,61.702,1400,SUCCESS
566,31.697,28,SUCCESS
567,,0,LOST
568,32.484,28,SUCCESS
569,34.610,1400,SUCCESS
570,46.087,28,SUCCESS
571,31.455,1400,SUCCESS
572,32.413,28,SUCCESS
573,32.448,1400,SUCCESS
574,31.977,28,SUCCESS
575,32.078,1400,SUCCESS
576,30.981,28,SUCCESS
577,31.391,1400,SUCCESS
578,31.152,28,SUCCESS
579,33.913,1400,SUCCESS
580,32.329,28,SUCCESS
581,31.707,1400,SUCCESS
582,31.005,28,SUCCESS
583,30.542,1400,SUCCESS
584,31.208,28,SUCCESS
585,33.523,1400,SUCCESS
586,31.420,28,SUCCESS
587,32.563,1400,SUCCESS
588,,0,LOST
589,32.281,1400,SUCCESS
590,32.595,28,SUCCESS
591,33.127,1400,SUCCESS
592,30.882,28,SUCCESS
593,32.263,1400,SUCCESS
594,32.456,28,SUCCESS
595,31.981,1400,SUCCESS
596,,0,LOST
597,33.387,1400,SUCCESS
598,31.935,28,SUCCESS
599,33.957,1400,SUCCESS
600,,0,LOST
601,33.545,1400,SUCCESS
602,32.074,28,SUCCESS
603,31.672,1400,SUCCESS
604,30.985,28,SUCCESS
605,31.058,1400,SUCCESS
606,32.747,28,SUCCESS
607,32.683,1400,SUCCESS
608,31.449,28,SUCCESS
609,31.745,1400,SUCCESS
610,32.936,28,SUCCESS
611,32.475,1400,SUCCESS
612,31.332,28,SUCCESS
613,32.866,1400,SUCCESS
614,29.973,28,SUCCESS
615,33.497,1400,SUCCESS
616,31.476,28,SUCCESS
617,31.443,1400,SUCCESS
618,31.999,28,SUCCESS
619,33.428,1400,SUCCESS
620,32.961,28,SUCCESS
621,33.383,1400,SUCCESS
622,32.532,28,SUCCESS
623,33.871,1400,SUCCESS
624,32.451,28,SUCCESS
625,31.698,1400,SUCCESS
626,29.467,28,SUCCESS
627,31.556,1400,SUCCESS
628,61.762,28,SUCCESS
629,32.755,1400,SUCCESS
630,32.587,28,SUCCESS
631,32.242,1400,SUCCESS
632,31.101,28,SUCCESS
633,33.552,1400,SUCCESS
634,62.303,28,SUCCESS
635,32.692,1400,SUCCESS
636,32.531,28,SUCCESS
637,30.318,1400,SUCCESS
638,33.410,28,SUCCESS
639,32.342,1400,SUCCESS
640,31.191,28,SUCCESS
641,33.819,1400,SUCCESS
642,32.234,28,SUCCESS
643,33.162,1400,SUCCESS
644,32.194,28,SUCCESS
645,31.895,1400,SUCCESS
646,31.217,28,SUCCESS
647,32.835,1400,SUCCESS
648,32.131,28,SUCCESS
649,30.403,1400,SUCCESS
650,32.000,28,SUCCESS
651,,0,LOST
652,30.634,28,SUCCESS
653,32.330,1400,SUCCESS
654,32.860,28,SUCCESS
655,33.026,1400,SUCCESS
656,32.244,28,SUCCESS
657,32.742,1400,SUCCESS
658,48.081,28,SUCCESS
659,32.244,1400,SUCCESS
660,32.408,28,SUCCESS
661,32.039,1400,SUCCESS
662,30.698,28,SUCCESS
663,33.639,1400,SUCCESS
664,32.361,28,SUCCESS
665,33.117,1400,SUCCESS
666,31.381,28,SUCCESS
667,32.811,1400,SUCCESS
668,53.803,28,SUCCESS
669,33.315,1400,SUCCESS
670,32.140,28,SUCCESS
671,30.244,1400,SUCCESS
672,31.022,28,SUCCESS
673,,0,LOST
674,31.755,28,SUCCESS
675,33.496,1400,SUCCESS
676,32.622,28,SUCCESS
677,32.360,1400,SUCCESS
678,30.880,28,SUCCESS
679,33.559,1400,SUCCESS
680,31.757,28,SUCCESS
681,32.746,1400,SUCCESS
682,32.285,28,SUCCESS
683,32.822,1400,SUCCESS
684,31.864,28,SUCCESS
685,32.161,1400,SUCCESS
686,,0,LOST
687,30.283,1400,SUCCESS
688,30.334,28,SUCCESS
689,31.883,1400,SUCCESS
690,31.474,28,SUCCESS
691,34.271,1400,SUCCESS
692,32.721,28,SUCCESS
693,51.718,1400,SUCCESS
694,31.176,28,SUCCESS
695,33.263,1400,SUCCESS
696,30.997,28,SUCCESS
697,,0,LOST
698,31.650,28,SUCCESS
699,32.999,1400,SUCCESS
700,33.670,28,SUCCESS
701,30.976,1400,SUCCESS
702,32.067,28,SUCCESS
703,32.971,1400,SUCCESS
704,30.656,28,SUCCESS
705,,0,LOST
706,31.271,28,SUCCESS
707,31.549,1400,SUCCESS
708,33.096,28,SUCCESS
709,32.213,1400,SUCCESS
710,31.371,28,SUCCESS
711,32.162,1400,SUCCESS
712,31.177,28,SUCCESS
713,32.474,1400,SUCCESS
714,31.177,28,SUCCESS
715,31.807,1400,SUCCESS
716,32.188,28,SUCCESS
717,50.431,1400,SUCCESS
718,31.012,28,SUCCESS
719,31.962,1400,SUCCESS
720,31.098,28,SUCCESS
721,30.700,1400,SUCCESS
722,31.698,28,SUCCESS
723,62.982,1400,SUCCESS
724,32.983,28,SUCCESS
725,32.629,1400,SUCCESS
726,32.175,28,SUCCESS
727,33.998,1400,SUCCESS
728,33.096,28,SUCCESS
729,31.492,1400,SUCCESS
730,32.445,28,SUCCESS
731,31.522,1400,SUCCESS
732,32.633,28,SUCCESS
733,33.625,1400,SUCCESS
734,32.306,28,SUCCESS
735,33.530,1400,SUCCESS
736,31.072,28,SUCCESS
737,32.238,1400,SUCCESS
738,32.454,28,SUCCESS
739,33.498,1400,SUCCESS
740,31.740,28,SUCCESS
741,32.879,1400,SUCCESS
742,,0,LOST
743,31.626,1400,SUCCESS
744,32.553,28,SUCCESS
745,31.400,1400,SUCCESS
746,33.403,28,SUCCESS
747,32.178,1400,SUCCESS
748,31.568,28,SUCCESS
749,31.520,1400,SUCCESS
750,32.595,28,SUCCESS
751,30.308,1400,SUCCESS
752,31.533,28,SUCCESS
753,32.859,1400,SUCCESS
754,,0,LOST
755,,0,LOST
756,32.163,28,SUCCESS
757,31.962,1400,SUCCESS
758,32.761,28,SUCCESS
759,31.827,1400,SUCCESS
760,32.193,28,SUCCESS
761,32.294,1400,SUCCESS
762,30.866,28,SUCCESS
763,33.732,1400,SUCCESS
764,31.242,28,SUCCESS
765,32.817,1400,SUCCESS
766,38.805,28,SUCCESS
767,,0,LOST
768,32.743,28,SUCCESS
769,33.059,1400,SUCCESS
770,,0,LOST
771,32.601,1400,SUCCESS
772,32.330,28,SUCCESS
773,31.415,1400,SUCCESS
774,30.879,28,SUCCESS
775,32.361,1400,SUCCESS
776,,0,LOST
777,34.539,1400,SUCCESS
778,32.239,28,SUCCESS
779,31.573,1400,SUCCESS
780,33.126,28,SUCCESS
781,33.266,1400,SUCCESS
782,32.995,28,SUCCESS
783,62.468,1400,SUCCESS
784,32.110,28,SUCCESS
785,32.513,1400,SUCCESS
786,,0,LOST
787,33.069,1400,SUCCESS
788,,0,LOST
789,,0,LOST
790,49.846,28,SUCCESS
791,33.108,1400,SUCCESS
792,30.031,28,SUCCESS
793,33.127,1400,SUCCESS
794,38.516,28,SUCCESS
795,30.726,1400,SUCCESS
796,31.565,28,SUCCESS
797,33.048,1400,SUCCESS
798,33.767,28,SUCCESS
799,35.193,1400,SUCCESS
800,32.397,28,SUCCESS
801,34.227,1400,SUCCESS
802,30.476,28,SUCCESS
803,31.657,1400,SUCCESS
804,30.991,28,SUCCESS
805,33.320,1400,SUCCESS
806,30.494,28,SUCCESS
807,33.051,1400,SUCCESS
808,,0,LOST
809,32.787,1400,SUCCESS
810,30.740,28,SUCCESS
811,30.853,1400,SUCCESS
812,32.756,28,SUCCESS
813,32.075,1400,SUCCESS
814,31.633,28,SUCCESS
815,32.607,1400,SUCCESS
816,31.015,28,SUCCESS
817,,0,LOST
818,31.069,28,SUCCESS
819,32.487,1400,SUCCESS
820,32.093,28,SUCCESS
821,31.781,1400,SUCCESS
822,32.679,28,SUCCESS
823,,0,LOST
824,32.617,28,SUCCESS
825,33.262,1400,SUCCESS
826,30.989,28,SUCCESS
827,32.707,1400,SUCCESS
828,32.422,28,SUCCESS
829,31.789,1400,SUCCESS
830,33.405,28,SUCCESS
831,32.276,1400,SUCCESS
832,32.178,28,SUCCESS
833,31.707,1400,SUCCESS
834,29.964,28,SUCCESS
835,48.522,1400,SUCCESS
836,30.894,28,SUCCESS
837,32.259,1400,SUCCESS
838,32.696,28,SUCCESS
839,32.450,1400,SUCCESS
840,32.169,28,SUCCESS
841,33.221,1400,SUCCESS
842,,0,LOST
843,32.890,1400,SUCCESS
844,33.542,28,SUCCESS
845,34.605,1400,SUCCESS
846,31.204,28,SUCCESS
847,32.346,1400,SUCCESS
848,33.482,28,SUCCESS
849,32.641,1400,SUCCESS
850,32.645,28,SUCCESS
851,31.599,1400,SUCCESS
852,,0,LOST
853,31.761,1400,SUCCESS
854,62.075,28,SUCCESS
855,31.838,1400,SUCCESS
856,30.737,28,SUCCESS
857,31.342,1400,SUCCESS
858,31.528,28,SUCCESS
859,31.554,1400,SUCCESS
860,31.928,28,SUCCESS
861,31.437,1400,SUCCESS
862,,0,LOST
863,31.438,1400,SUCCESS
864,30.790,28,SUCCESS
865,33.393,1400,SUCCESS
866,32.297,28,SUCCESS
867,33.697,1400,SUCCESS
868,31.350,28,SUCCESS
869,33.835,1400,SUCCESS
870,31.460,28,SUCCESS
871,31.928,1400,SUCCESS
872,31.378,28,SUCCESS
873,33.713,1400,SUCCESS
874,33.327,28,SUCCESS
875,33.326,1400,SUCCESS
876,32.150,28,SUCCESS
877,,0,LOST
878,32.461,28,SUCCESS
879,31.724,1400,SUCCESS
880,31.884,28,SUCCESS
881,32.029,1400,SUCCESS
882,30.347,28,SUCCESS
883,31.191,1400,SUCCESS
884,31.782,28,SUCCESS
885,33.450,1400,SUCCESS
886,62.091,28,SUCCESS
887,32.194,1400,SUCCESS
888,31.487,28,SUCCESS
889,32.803,1400,SUCCESS
890,31.170,28,SUCCESS
891,32.980,1400,SUCCESS
892,31.757,28,SUCCESS
893,52.121,1400,SUCCESS
894,,0,LOST
895,32.125,1400,SUCCESS
896,30.587,28,SUCCESS
897,30.897,1400,SUCCESS
898,,0,LOST
899,,0,LOST
900,,0,LOST
901,33.272,1400,SUCCESS
902,,0,LOST
903,32.955,1400,SUCCESS
904,29.853,28,SUCCESS
905,33.399,1400,SUCCESS
906,51.683,28,SUCCESS
907,31.942,1400,SUCCESS
908,30.710,28,SUCCESS
909,32.309,1400,SUCCESS
910,32.187,28,SUCCESS
911,30.653,1400,SUCCESS
912,31.346,28,SUCCESS
913,32.155,1400,SUCCESS
914,31.143,28,SUCCESS
915,33.643,1400,SUCCESS
916,,0,LOST
917,32.218,1400,SUCCESS
918,30.052,28,SUCCESS
919,32.578,1400,SUCCESS
920,,0,LOST
921,33.414,1400,SUCCESS
922,31.056,28,SUCCESS
923,31.895,1400,SUCCESS
924,32.096,28,SUCCESS
925,31.834,1400,SUCCESS
926,31.928,28,SUCCESS
927,32.033,1400,SUCCESS
928,33.188,28,SUCCESS
929,33.975,1400,SUCCESS
930,31.509,28,SUCCESS
931,31.964,1400,SUCCESS
932,31.810,28,SUCCESS
933,32.605,1400,SUCCESS
934,32.378,28,SUCCESS
935,32.582,1400,SUCCESS
936,32.661,28,SUCCESS
937,32.443,1400,SUCCESS
938,30.857,28,SUCCESS
939,,0,LOST
940,32.476,28,SUCCESS
941,30.079,1400,SUCCESS
942,,0,LOST
943,33.301,1400,SUCCESS
944,49.740,28,SUCCESS
945,,0,LOST
946,30.911,28,SUCCESS
947,32.799,1400,SUCCESS
948,32.485,28,SUCCESS
949,31.883,1400,SUCCESS
950,31.440,28,SUCCESS
951,32.932,1400,SUCCESS
952,,0,LOST
953,31.978,1400,SUCCESS
954,,0,LOST
955,32.278,1400,SUCCESS
956,31.931,28,SUCCESS
957,33.472,1400,SUCCESS
958,32.940,28,SUCCESS
959,34.068,1400,SUCCESS
960,34.089,28,SUCCESS
961,31.820,1400,SUCCESS
962,31.083,28,SUCCESS
963,,0,LOST
964,31.254,28,SUCCESS
965,30.329,1400,SUCCESS
966,,0,LOST
967,33.823,1400,SUCCESS
968,31.872,28,SUCCESS
969,,0,LOST
970,30.936,28,SUCCESS
971,32.453,1400,SUCCESS
972,30.686,28,SUCCESS
973,32.964,1400,SUCCESS
974,31.882,28,SUCCESS
975,31.699,1400,SUCCESS
976,30.652,28,SUCCESS
977,31.345,1400,SUCCESS
978,31.088,28,SUCCESS
979,33.529,1400,SUCCESS
980,31.651,28,SUCCESS
981,,0,LOST
982,30.808,28,SUCCESS
983,31.252,1400,SUCCESS
984,32.842,28,SUCCESS
985,31.794,1400,SUCCESS
986,34.776,28,SUCCESS
987,,0,LOST
988,31.272,28,SUCCESS
989,32.549,1400,SUCCESS
990,31.509,28,SUCCESS
991,32.271,1400,SUCCESS
992,32.540,28,SUCCESS
993,33.659,1400,SUCCESS
994,32.035,28,SUCCESS
995,31.081,1400,SUCCESS
996,31.353,28,SUCCESS
997,32.512,1400,SUCCESS
998,31.220,28,SUCCESS
999,32.148,1400,SUCCESS
1000,,0,LOST
1001,31.536,1400,SUCCESS
1002,32.523,28,SUCCESS
1003,31.048,1400,SUCCESS
1004,32.967,28,SUCCESS
1005,31.874,1400,SUCCESS
1006,31.458,28,SUCCESS
1007,31.130,1400,SUCCESS
1008,,0,LOST
1009,33.646,1400,SUCCESS
1010,32.367,28,SUCCESS
1011,32.679,1400,SUCCESS
1012,31.093,28,SUCCESS
1013,,0,LOST
1014,32.188,28,SUCCESS
1015,33.052,1400,SUCCESS
1016,30.690,28,SUCCESS
1017,32.716,1400,SUCCESS
1018,32.799,28,SUCCESS
1019,48.334,1400,SUCCESS
1020,31.931,28,SUCCESS
1021,30.217,1400,SUCCESS
1022,31.555,28,SUCCESS
1023,33.455,1400,SUCCESS
1024,32.094,28,SUCCESS
1025,,0,LOST
1026,32.509,28,SUCCESS
1027,34.425,1400,SUCCESS
1028,30.539,28,SUCCESS
1029,32.987,1400,SUCCESS
1030,30.919,28,SUCCESS
1031,32.521,1400,SUCCESS
1032,41.613,28,SUCCESS
1033,32.748,1400,SUCCESS
1034,,0,LOST
1035,32.619,1400,SUCCESS
1036,32.123,28,SUCCESS
1037,32.101,1400,SUCCESS
1038,32.585,28,SUCCESS
1039,52.186,1400,SUCCESS
1040,,0,LOST
1041,32.415,1400,SUCCESS
1042,53.312,28,SUCCESS
1043,33.872,1400,SUCCESS
1044,32.975,28,SUCCESS
1045,32.256,1400,SUCCESS
1046,31.131,28,SUCCESS
1047,32.229,1400,SUCCESS
1048,30.968,28,SUCCESS
1049,33.862,1400,SUCCESS
1050,31.984,28,SUCCESS
1051,32.875,1400,SUCCESS
1052,31.531,28,SUCCESS
1053,,0,LOST
1054,32.349,28,SUCCESS
1055,32.251,1400,SUCCESS
1056,32.418,28,SUCCESS
1057,33.804,1400,SUCCESS
1058,30.911,28,SUCCESS
1059,32.116,1400,SUCCESS
1060,32.432,28,SUCCESS
1061,39.948,1400,SUCCESS
1062,32.136,28,SUCCESS
1063,31.977,1400,SUCCESS
1064,54.435,28,SUCCESS
1065,31.836,1400,SUCCESS
1066,31.821,28,SUCCESS
1067,33.041,1400,SUCCESS
1068,31.508,28,SUCCESS
1069,33.995,1400,SUCCESS
1070,31.354,28,SUCCESS
1071,32.089,1400,SUCCESS
1072,38.415,28,SUCCESS
1073,31.820,1400,SUCCESS
1074,31.465,28,SUCCESS
1075,31.751,1400,SUCCESS
1076,31.259,28,SUCCESS
1077,33.376,1400,SUCCESS
1078,32.231,28,SUCCESS
1079,33.428,1400,SUCCESS
1080,32.550,28,SUCCESS
1081,33.544,1400,SUCCESS
1082,32.799,28,SUCCESS
1083,31.919,1400,SUCCESS
1084,31.550,28,SUCCESS
1085,31.783,1400,SUCCESS
1086,29.990,28,SUCCESS
1087,32.025,1400,SUCCESS
1088,32.329,28,SUCCESS
1089,32.434,1400,SUCCESS
1090,32.267,28,SUCCESS
1091,33.127,1400,SUCCESS
1092,32.444,28,SUCCESS
1093,32.519,1400,SUCCESS
1094,33.848,28,SUCCESS
1095,32.098,1400,SUCCESS
1096,34.064,28,SUCCESS
1097,31.167,1400,SUCCESS
1098,32.223,28,SUCCESS
1099,33.520,1400,SUCCESS
1100,31.252,28,SUCCESS
1101,33.044,1400,SUCCESS
1102,31.563,28,SUCCESS
1103,34.748,1400,SUCCESS
1104,31.087,28,SUCCESS
1105,31.257,1400,SUCCESS
1106,31.278,28,SUCCESS
1107,33.817,1400,SUCCESS
1108,32.202,28,SUCCESS
1109,33.820,1400,SUCCESS
1110,33.379,28,SUCCESS
1111,32.128,1400,SUCCESS
1112,46.512,28,SUCCESS
1113,32.161,1400,SUCCESS
1114,32.714,28,SUCCESS
1115,33.337,1400,SUCCESS
1116,31.247,28,SUCCESS
1117,32.154,1400,SUCCESS
1118,33.153,28,SUCCESS
1119,33.069,1400,SUCCESS
1120,,0,LOST
1121,,0,LOST
1122,32.552,28,SUCCESS
1123,32.627,1400,SUCCESS
1124,29.409,28,SUCCESS
1125,31.183,1400,SUCCESS
1126,33.241,28,SUCCESS
1127,55.075,1400,SUCCESS
1128,32.275,28,SUCCESS
1129,,0,LOST
1130,31.484,28,SUCCESS
1131,31.638,1400,SUCCESS
1132,31.835,28,SUCCESS
1133,31.970,1400,SUCCESS
1134,61.664,28,SUCCESS
1135,,0,LOST
1136,31.567,28,SUCCESS
1137,33.304,1400,SUCCESS
1138,32.146,28,SUCCESS
1139,32.808,1400,SUCCESS
1140,,0,LOST
1141,34.711,1400,SUCCESS
1142,31.385,28,SUCCESS
1143,32.902,1400,SUCCESS
1144,32.555,28,SUCCESS
1145,31.591,1400,SUCCESS
1146,32.772,28,SUCCESS
1147,31.889,1400,SUCCESS
1148,32.881,28,SUCCESS
1149,,0,LOST
1150,31.876,28,SUCCESS
1151,32.997,1400,SUCCESS
1152,32.767,28,SUCCESS
1153,,0,LOST
1154,30.349,28,SUCCESS
1155,49.430,1400,SUCCESS
1156,31.439,28,SUCCESS
1157,61.517,1400,SUCCESS
1158,51.480,28,SUCCESS
1159,31.940,1400,SUCCESS
1160,32.650,28,SUCCESS
1161,32.411,1400,SUCCESS
1162,31.876,28,SUCCESS
1163,31.672,1400,SUCCESS
1164,61.479,28,SUCCESS
1165,33.054,1400,SUCCESS
1166,31.244,28,SUCCESS
1167,32.796,1400,SUCCESS
1168,31.081,28,SUCCESS
1169,51.172,1400,SUCCESS
1170,32.222,28,SUCCESS
1171,,0,LOST
1172,32.775,28,SUCCESS
1173,33.445,1400,SUCCESS
1174,32.465,28,SUCCESS
1175,32.310,1400,SUCCESS
1176,31.716,28,SUCCESS
1177,34.239,1400,SUCCESS
1178,31.841,28,SUCCESS
1179,32.348,1400,SUCCESS
1180,,0,LOST
1181,32.312,1400,SUCCESS
1182,32.631,28,SUCCESS
1183,,0,LOST
1184,32.127,28,SUCCESS
1185,33.184,1400,SUCCESS
1186,32.419,28,SUCCESS
1187,62.641,1400,SUCCESS
1188,32.168,28,SUCCESS
1189,32.118,1400,SUCCESS
1190,32.229,28,SUCCESS
1191,32.162,1400,SUCCESS
1192,31.348,28,SUCCESS
1193,31.689,1400,SUCCESS
1194,32.106,28,SUCCESS
1195,33.540,1400,SUCCESS
1196,31.318,28,SUCCESS
1197,34.299,1400,SUCCESS
1198,33.895,28,SUCCESS
1199,33.315,1400,SUCCESS
